Symbol,EXPIERY,Quantity,StrikeStep,AllowedPercentage,StepSize,StepNumber,StepPercentage,OptionType,MarginRequired
360ONE,31-07-2025,2,20,3,20,2,15,CE,25000
AARTIIND,31-07-2025,2,5,3,5,2,15,CE,25000
ABB,31-07-2025,2,100,3,100,2,15,CE,25000
ABCAPITAL,31-07-2025,2,2.5,3,2.5,2,15,CE,25000
ABFRL,31-07-2025,2,1,3,1,2,15,CE,25000
ACC,31-07-2025,2,20,3,20,2,15,CE,25000
ADANIENSOL,31-07-2025,2,20,3,20,2,15,CE,25000
ADANIENT,31-07-2025,2,20,3,20,2,15,CE,25000
ADANIGREEN,31-07-2025,2,20,3,20,2,15,CE,25000
ADANIPORTS,31-07-2025,2,20,3,20,2,15,CE,25000
ALKEM,31-07-2025,2,50,3,50,2,15,CE,25000
AMBER,31-07-2025,2,100,3,100,2,15,CE,25000
AMBUJACEM,31-07-2025,2,5,3,5,2,15,CE,25000
ANGELONE,31-07-2025,2,50,3,50,2,15,CE,25000
APLAPOLLO,31-07-2025,2,20,3,20,2,15,CE,25000
APOLLOHOSP,31-07-2025,2,50,3,50,2,15,CE,25000
ASHOKLEY,31-07-2025,2,2.5,3,2.5,2,15,CE,25000
ASIANPAINT,31-07-2025,2,20,3,20,2,15,CE,25000
ASTRAL,31-07-2025,2,20,3,20,2,15,CE,25000
ATGL,31-07-2025,2,10,3,10,2,15,CE,25000
AUBANK,31-07-2025,2,5,3,5,2,15,CE,25000
AUROPHARMA,31-07-2025,2,20,3,20,2,15,CE,25000
AXISBANK,31-07-2025,2,10,3,10,2,15,CE,25000
BAJAJ-AUTO,31-07-2025,2,50,3,50,2,15,CE,25000
BAJAJFINSV,31-07-2025,2,20,3,20,2,15,CE,25000
BAJFINANCE,31-07-2025,2,10,3,10,2,15,CE,25000
BALKRISIND,31-07-2025,2,20,3,20,2,15,CE,25000
BANDHANBNK,31-07-2025,2,2.5,3,2.5,2,15,CE,25000
BANKBARODA,31-07-2025,2,5,3,5,2,15,CE,25000
BANKINDIA,31-07-2025,2,0.95,3,0.95,2,15,CE,25000
BDL,31-07-2025,2,50,3,50,2,15,CE,25000
BEL,31-07-2025,2,5,3,5,2,15,CE,25000
BHARATFORG,31-07-2025,2,20,3,20,2,15,CE,25000
BHARTIARTL,31-07-2025,2,20,3,20,2,15,CE,25000
BHEL,31-07-2025,2,5,3,5,2,15,CE,25000
BIOCON,31-07-2025,2,5,3,5,2,15,CE,25000
BLUESTARCO,31-07-2025,2,20,3,20,2,15,CE,25000
BOSCHLTD,31-07-2025,2,250,3,250,2,15,CE,25000
BPCL,31-07-2025,2,5,3,5,2,15,CE,25000
BRITANNIA,31-07-2025,2,50,3,50,2,15,CE,25000
BSE,31-07-2025,2,50,3,50,2,15,CE,25000
BSOFT,31-07-2025,2,5,3,5,2,15,CE,25000
CAMS,31-07-2025,2,50,3,50,2,15,CE,25000
CANBK,31-07-2025,2,1,3,1,2,15,CE,25000
CDSL,31-07-2025,2,20,3,20,2,15,CE,25000
CESC,31-07-2025,2,2.5,3,2.5,2,15,CE,25000
CGPOWER,31-07-2025,2,10,3,10,2,15,CE,25000
CHAMBLFERT,31-07-2025,2,10,3,10,2,15,CE,25000
CHOLAFIN,31-07-2025,2,20,3,20,2,15,CE,25000
CIPLA,31-07-2025,2,20,3,20,2,15,CE,25000
COALINDIA,31-07-2025,2,5,3,5,2,15,CE,25000
COFORGE,31-07-2025,2,20,3,20,2,15,CE,25000
COLPAL,31-07-2025,2,20,3,20,2,15,CE,25000
CONCOR,31-07-2025,2,10,3,10,2,15,CE,25000
CROMPTON,31-07-2025,2,5,3,5,2,15,CE,25000
CUMMINSIND,31-07-2025,2,50,3,50,2,15,CE,25000
CYIENT,31-07-2025,2,20,3,20,2,15,CE,25000
DABUR,31-07-2025,2,5,3,5,2,15,CE,25000
DALBHARAT,31-07-2025,2,20,3,20,2,15,CE,25000
DELHIVERY,31-07-2025,2,5,3,5,2,15,CE,25000
DIVISLAB,31-07-2025,2,50,3,50,2,15,CE,25000
DIXON,31-07-2025,2,250,3,250,2,15,CE,25000
DLF,31-07-2025,2,10,3,10,2,15,CE,25000
DMART,31-07-2025,2,50,3,50,2,15,CE,25000
DRREDDY,31-07-2025,2,10,3,10,2,15,CE,25000
EICHERMOT,31-07-2025,2,50,3,50,2,15,CE,25000
ETERNAL,31-07-2025,2,5,3,5,2,15,CE,25000
EXIDEIND,31-07-2025,2,5,3,5,2,15,CE,25000
FEDERALBNK,31-07-2025,2,2.5,3,2.5,2,15,CE,25000
FORTIS,31-07-2025,2,10,3,10,2,15,CE,25000
GAIL,31-07-2025,2,2.5,3,2.5,2,15,CE,25000
GLENMARK,31-07-2025,2,20,3,20,2,15,CE,25000
GMRAIRPORT,31-07-2025,2,1,3,1,2,15,CE,25000
GODREJCP,31-07-2025,2,10,3,10,2,15,CE,25000
GODREJPROP,31-07-2025,2,50,3,50,2,15,CE,25000
GRANULES,31-07-2025,2,10,3,10,2,15,CE,25000
GRASIM,31-07-2025,2,20,3,20,2,15,CE,25000
HAL,31-07-2025,2,50,3,50,2,15,CE,25000
HAVELLS,31-07-2025,2,20,3,20,2,15,CE,25000
HCLTECH,31-07-2025,2,20,3,20,2,15,CE,25000
HDFCAMC,31-07-2025,2,100,3,100,2,15,CE,25000
HDFCBANK,31-07-2025,2,20,3,20,2,15,CE,25000
HDFCLIFE,31-07-2025,2,5,3,5,2,15,CE,25000
HEROMOTOCO,31-07-2025,2,50,3,50,2,15,CE,25000
HFCL,31-07-2025,2,1,3,1,2,15,CE,25000
HINDALCO,31-07-2025,2,10,3,10,2,15,CE,25000
HINDCOPPER,31-07-2025,2,5,3,5,2,15,CE,25000
HINDPETRO,31-07-2025,2,5,3,5,2,15,CE,25000
HINDUNILVR,31-07-2025,2,20,3,20,2,15,CE,25000
HINDZINC,31-07-2025,2,10,3,10,2,15,CE,25000
HUDCO,31-07-2025,2,5,3,5,2,15,CE,25000
ICICIBANK,31-07-2025,2,10,3,10,2,15,CE,25000
ICICIGI,31-07-2025,2,20,3,20,2,15,CE,25000
ICICIPRULI,31-07-2025,2,5,3,5,2,15,CE,25000
IDEA,31-07-2025,2,1,3,1,2,15,CE,25000
IDFCFIRSTB,31-07-2025,2,1,3,1,2,15,CE,25000
IEX,31-07-2025,2,2.5,3,2.5,2,15,CE,25000
IGL,31-07-2025,2,2.5,3,2.5,2,15,CE,25000
IIFL,31-07-2025,2,5,3,5,2,15,CE,25000
INDHOTEL,31-07-2025,2,10,3,10,2,15,CE,25000
INDIANB,31-07-2025,2,7.25,3,7.25,2,15,CE,25000
INDIGO,31-07-2025,2,50,3,50,2,15,CE,25000
INDUSINDBK,31-07-2025,2,10,3,10,2,15,CE,25000
INDUSTOWER,31-07-2025,2,5,3,5,2,15,CE,25000
INFY,31-07-2025,2,20,3,20,2,15,CE,25000
INOXWIND,31-07-2025,2,5,3,5,2,15,CE,25000
IOC,31-07-2025,2,1,3,1,2,15,CE,25000
IRB,31-07-2025,2,1,3,1,2,15,CE,25000
IRCTC,31-07-2025,2,10,3,10,2,15,CE,25000
IREDA,31-07-2025,2,2.5,3,2.5,2,15,CE,25000
IRFC,31-07-2025,2,2.5,3,2.5,2,15,CE,25000
ITC,31-07-2025,2,5,3,5,2,15,CE,25000
JINDALSTEL,31-07-2025,2,10,3,10,2,15,CE,25000
JIOFIN,31-07-2025,2,5,3,5,2,15,CE,25000
JSL,31-07-2025,2,10,3,10,2,15,CE,25000
JSWENERGY,31-07-2025,2,10,3,10,2,15,CE,25000
JSWSTEEL,31-07-2025,2,10,3,10,2,15,CE,25000
JUBLFOOD,31-07-2025,2,10,3,10,2,15,CE,25000
KALYANKJIL,31-07-2025,2,10,3,10,2,15,CE,25000
KAYNES,31-07-2025,2,100,3,100,2,15,CE,25000
KEI,31-07-2025,2,50,3,50,2,15,CE,25000
KFINTECH,31-07-2025,2,50,3,50,2,15,CE,25000
KOTAKBANK,31-07-2025,2,20,3,20,2,15,CE,25000
KPITTECH,31-07-2025,2,20,3,20,2,15,CE,25000
LAURUSLABS,31-07-2025,2,10,3,10,2,15,CE,25000
LICHSGFIN,31-07-2025,2,10,3,10,2,15,CE,25000
LICI,31-07-2025,2,10,3,10,2,15,CE,25000
LODHA,31-07-2025,2,20,3,20,2,15,CE,25000
LT,31-07-2025,2,20,3,20,2,15,CE,25000
LTF,31-07-2025,2,2.5,3,2.5,2,15,CE,25000
LTIM,31-07-2025,2,50,3,50,2,15,CE,25000
LUPIN,31-07-2025,2,20,3,20,2,15,CE,25000
M&M,31-07-2025,2,50,3,50,2,15,CE,25000
M&MFIN,31-07-2025,2,5,3,5,2,15,CE,25000
MANAPPURAM,31-07-2025,2,5,3,5,2,15,CE,25000
MANKIND,31-07-2025,2,50,3,50,2,15,CE,25000
MARICO,31-07-2025,2,10,3,10,2,15,CE,25000
MARUTI,31-07-2025,2,100,3,100,2,15,CE,25000
MAXHEALTH,31-07-2025,2,20,3,20,2,15,CE,25000
MAZDOCK,31-07-2025,2,100,3,100,2,15,CE,25000
MCX,31-07-2025,2,100,3,100,2,15,CE,25000
MFSL,31-07-2025,2,20,3,20,2,15,CE,25000
MGL,31-07-2025,2,20,3,20,2,15,CE,25000
MOTHERSON,31-07-2025,2,2.5,3,2.5,2,15,CE,25000
MPHASIS,31-07-2025,2,20,3,20,2,15,CE,25000
MUTHOOTFIN,31-07-2025,2,20,3,20,2,15,CE,25000
NATIONALUM,31-07-2025,2,5,3,5,2,15,CE,25000
NAUKRI,31-07-2025,2,20,3,20,2,15,CE,25000
NBCC,31-07-2025,2,1,3,1,2,15,CE,25000
NCC,31-07-2025,2,2.5,3,2.5,2,15,CE,25000
NESTLEIND,31-07-2025,2,20,3,20,2,15,CE,25000
NHPC,31-07-2025,2,1,3,1,2,15,CE,25000
NMDC,31-07-2025,2,1,3,1,2,15,CE,25000
NTPC,31-07-2025,2,5,3,5,2,15,CE,25000
NYKAA,31-07-2025,2,2.5,3,2.5,2,15,CE,25000
OBEROIRLTY,31-07-2025,2,20,3,20,2,15,CE,25000
OFSS,31-07-2025,2,100,3,100,2,15,CE,25000
OIL,31-07-2025,2,10,3,10,2,15,CE,25000
ONGC,31-07-2025,2,2.5,3,2.5,2,15,CE,25000
PAGEIND,31-07-2025,2,500,3,500,2,15,CE,25000
PATANJALI,31-07-2025,2,20,3,20,2,15,CE,25000
PAYTM,31-07-2025,2,20,3,20,2,15,CE,25000
PEL,31-07-2025,2,20,3,20,2,15,CE,25000
PERSISTENT,31-07-2025,2,100,3,100,2,15,CE,25000
PETRONET,31-07-2025,2,5,3,5,2,15,CE,25000
PFC,31-07-2025,2,10,3,10,2,15,CE,25000
PGEL,31-07-2025,2,20,3,20,2,15,CE,25000
PHOENIXLTD,31-07-2025,2,20,3,20,2,15,CE,25000
PIDILITIND,31-07-2025,2,20,3,20,2,15,CE,25000
PIIND,31-07-2025,2,50,3,50,2,15,CE,25000
PNB,31-07-2025,2,20,3,20,2,15,CE,25000
PNBHOUSING,31-07-2025,2,20,3,20,2,15,CE,25000
POLICYBZR,31-07-2025,2,20,3,20,2,15,CE,25000
POLYCAB,31-07-2025,2,100,3,100,2,15,CE,25000
POONAWALLA,31-07-2025,2,5,3,5,2,15,CE,25000
POWERGRID,31-07-2025,2,2.5,3,2.5,2,15,CE,25000
PPLPHARMA,31-07-2025,2,5,3,5,2,15,CE,25000
PRESTIGE,31-07-2025,2,20,3,20,2,15,CE,25000
RBLBANK,31-07-2025,2,2.5,3,2.5,2,15,CE,25000
RECLTD,31-07-2025,2,10,3,10,2,15,CE,25000
RELIANCE,31-07-2025,2,10,3,10,2,15,CE,25000
RVNL,31-07-2025,2,10,3,10,2,15,CE,25000
SAIL,31-07-2025,2,2.5,3,2.5,2,15,CE,25000
SBICARD,31-07-2025,2,10,3,10,2,15,CE,25000
SBILIFE,31-07-2025,2,20,3,20,2,15,CE,25000
SBIN,31-07-2025,2,10,3,10,2,15,CE,25000
SHREECEM,31-07-2025,2,250,3,250,2,15,CE,25000
SHRIRAMFIN,31-07-2025,2,10,3,10,2,15,CE,25000
SIEMENS,31-07-2025,2,50,3,50,2,15,CE,25000
SJVN,31-07-2025,2,1,3,1,2,15,CE,25000
SOLARINDS,31-07-2025,2,250,3,250,2,15,CE,25000
SONACOMS,31-07-2025,2,10,3,10,2,15,CE,25000
SRF,31-07-2025,2,50,3,50,2,15,CE,25000
SUNPHARMA,31-07-2025,2,20,3,20,2,15,CE,25000
SUPREMEIND,31-07-2025,2,50,3,50,2,15,CE,25000
SYNGENE,31-07-2025,2,10,3,10,2,15,CE,25000
TATACHEM,31-07-2025,2,10,3,10,2,15,CE,25000
TATACOMM,31-07-2025,2,20,3,20,2,15,CE,25000
TATACONSUM,31-07-2025,2,10,3,10,2,15,CE,25000
TATAELXSI,31-07-2025,2,50,3,50,2,15,CE,25000
TATAMOTORS,31-07-2025,2,10,3,10,2,15,CE,25000
TATAPOWER,31-07-2025,2,5,3,5,2,15,CE,25000
TATASTEEL,31-07-2025,2,5,3,5,2,15,CE,25000
TATATECH,31-07-2025,2,10,3,10,2,15,CE,25000
TCS,31-07-2025,2,20,3,20,2,15,CE,25000
TECHM,31-07-2025,2,20,3,20,2,15,CE,25000
TIINDIA,31-07-2025,2,50,3,50,2,15,CE,25000
TITAGARH,31-07-2025,2,20,3,20,2,15,CE,25000
TITAN,31-07-2025,2,20,3,20,2,15,CE,25000
TORNTPHARM,31-07-2025,2,50,3,50,2,15,CE,25000
TORNTPOWER,31-07-2025,2,20,3,20,2,15,CE,25000
TRENT,31-07-2025,2,100,3,100,2,15,CE,25000
TVSMOTOR,31-07-2025,2,20,3,20,2,15,CE,25000
ULTRACEMCO,31-07-2025,2,100,3,100,2,15,CE,25000
UNIONBANK,31-07-2025,2,2.5,3,2.5,2,15,CE,25000
UNITDSPR,31-07-2025,2,20,3,20,2,15,CE,25000
UNOMINDA,31-07-2025,2,20,3,20,2,15,CE,25000
UPL,31-07-2025,2,10,3,10,2,15,CE,25000
VBL,31-07-2025,2,10,3,10,2,15,CE,25000
VEDL,31-07-2025,2,10,3,10,2,15,CE,25000
VOLTAS,31-07-2025,2,20,3,20,2,15,CE,25000
WIPRO,31-07-2025,2,2.5,3,2.5,2,15,CE,25000
YESBANK,31-07-2025,2,1,3,1,2,15,CE,25000
ZYDUSLIFE,31-07-2025,2,10,3,10,2,15,CE,25000
